ONE_DOES_NOT_SIMPLY,ONE DOES NOT SIMPLY LEAVE A MARVEL MOVIE BEFORE THE POST CREDIT SCENES,594,15,1
ONE_DOES_NOT_SIMPLY,"THE PROBLEM IN THE USA IS THAT THE PEOPLE WHO KNOW HOW TO RUN THE COUNTRY, ARE BUSY DRIVING CABS OR CUTTING HAIR.",700,9,4
ONE_DOES_NOT_SIMPLY,ONE DOES NOT SIMPLY DRINK KETCHUP,111,3,1
ONE_DOES_NOT_SIMPLY,PEE IS STORED IN THE BALLS,88,2,0
ONE_DOES_NOT_SIMPLY,THE NUMBER OF PEOPLE WHO USE THE WRONG TEMPLATE IS TOO DAMN HIGH,311,3,1
ONE_DOES_NOT_SIMPLY,ONE DOES NOT SIMPLY SPELL DUMB WITHOUT U,408,4,2
ONE_DOES_NOT_SIMPLY,ONE DOES NOT SIMPLY SAY BIRDBOX CHALLENGE AND RUN INTO THE WALL,222,2,0
ONE_DOES_NOT_SIMPLY,"NOSES ARE REDS, PILOTS ARE BLUES ONE DOES NOT SIMPLY CALL AUSTRALIANS KANGAROOS",111,2,0
ONE_DOES_NOT_SIMPLY,ONE DOES NOT SIMPLY SURVIVE A BOSS FIGHT UNCHANGED,197,2,1
ONE_DOES_NOT_SIMPLY,"EVERYTIME I DO SOMETHING IMPRESSIVE, NO ONE IS AROUND EVERYTIME I GET EMBARRASSED, MY MOM IS AROUND",388,4,0
ONE_DOES_NOT_SIMPLY,I  HATE  WHEN  PEOPLE  WHO  USE  BIG  WORDS  JUST  TO  MAKE  THEMSELVES  LOOK  PERSPICACIOUS.,387,5,0
ONE_DOES_NOT_SIMPLY,THE BEAST SUCK YOUR OWN BUTT,160,2,0
ONE_DOES_NOT_SIMPLY,"IN YOUTUBE, AND ONLY IN YOUTUBE, ONE DOES NOT SIMPLY... CLICK THE LIKE BUTTON, WITH THEIR FINGERS. THEY SMASH IT. WITH A RANDOM OBJECT RELAT",255,2,4
ONE_DOES_NOT_SIMPLY,ONE DOES NOT SIMPLY FORGET TO.... ....TO.....TO......DAMMIT.,18281,193,17
ONE_DOES_NOT_SIMPLY,ONE DOES NOT SIMPLY LEAVE A MARVEL MOVIE BEFORE THE POST CREDIT SCENES,594,15,1
ONE_DOES_NOT_SIMPLY,"THE PROBLEM IN THE USA IS THAT THE PEOPLE WHO KNOW HOW TO RUN THE COUNTRY, ARE BUSY DRIVING CABS OR CUTTING HAIR.",700,9,4
ONE_DOES_NOT_SIMPLY,ONE DOES NOT SIMPLY DRINK KETCHUP,111,3,1
ONE_DOES_NOT_SIMPLY,PEE IS STORED IN THE BALLS,88,2,0
ONE_DOES_NOT_SIMPLY,THE NUMBER OF PEOPLE WHO USE THE WRONG TEMPLATE IS TOO DAMN HIGH,311,3,1
ONE_DOES_NOT_SIMPLY,ONE DOES NOT SIMPLY SPELL DUMB WITHOUT U,408,4,2
ONE_DOES_NOT_SIMPLY,ONE DOES NOT SIMPLY SAY BIRDBOX CHALLENGE AND RUN INTO THE WALL,222,2,0
ONE_DOES_NOT_SIMPLY,"NOSES ARE REDS, PILOTS ARE BLUES ONE DOES NOT SIMPLY CALL AUSTRALIANS KANGAROOS",111,2,0
ONE_DOES_NOT_SIMPLY,ONE DOES NOT SIMPLY SURVIVE A BOSS FIGHT UNCHANGED,197,2,1
ONE_DOES_NOT_SIMPLY,"EVERYTIME I DO SOMETHING IMPRESSIVE, NO ONE IS AROUND EVERYTIME I GET EMBARRASSED, MY MOM IS AROUND",388,4,0
ONE_DOES_NOT_SIMPLY,I  HATE  WHEN  PEOPLE  WHO  USE  BIG  WORDS  JUST  TO  MAKE  THEMSELVES  LOOK  PERSPICACIOUS.,387,5,0
ONE_DOES_NOT_SIMPLY,THE BEAST SUCK YOUR OWN BUTT,160,2,0
ONE_DOES_NOT_SIMPLY,"IN YOUTUBE, AND ONLY IN YOUTUBE, ONE DOES NOT SIMPLY... CLICK THE LIKE BUTTON, WITH THEIR FINGERS. THEY SMASH IT. WITH A RANDOM OBJECT RELAT",255,2,4
ONE_DOES_NOT_SIMPLY,ONE DOES NOT SIMPLY FORGET TO.... ....TO.....TO......DAMMIT.,18281,193,17
MOST_INTERESTING_MAN,"I DON'T ALWAYS MAKE FROZEN FOOD BUT WHEN I DO, I HAVE TO TAKE THE BOX BACK OUT OF THE GARBAGE FOR COOKING INSTRUCTIONS",611,12,3
MOST_INTERESTING_MAN,"MY EX IS LIKE A STORMTROOPER SHE'S ANGRY, BUT SHE STILL MISSES ME",4944,79,18
MOST_INTERESTING_MAN,I DON'T ALWAYS EAT SARDINES BUT WHEN I DO IT'S RIGHT BEFORE A DENTIST APPOINTMENT.,206,8,9
MOST_INTERESTING_MAN,"I USED TO EAT ONLY ""NATURAL"" FOODS BUT THEN I REALIZED THAT MOST PEOPLE DIE OF NATURAL CAUSES.",3465,64,7
MOST_INTERESTING_MAN,I HEARD THAT MOST ACCIDENTS HAPPEN IN YOUR HOME SO I MOVED.,46,4,0
MOST_INTERESTING_MAN,I DON'T ALWAYS MAKE MEMES BUT WHEN I DO I'M SURE TO POST THEM ON IMGFLIP,80,4,1
MOST_INTERESTING_MAN,"I DON'T ALWAYS TELL PEOPLE I'M VEGETARIAN BUT WHEN I DO, EVERYONE SUDDENLY STARTS TO CARE DEEPLY ABOUT MY PROTEIN INTAKE.",37,1,1
MOST_INTERESTING_MAN,I DONT ALWAYS MAKE MEMES BUT WHEN I DO THERE THE DANKEST OF THE DANK,63,1,1
MOST_INTERESTING_MAN,I DON'T ALWAYS HAVE CAR TROUBLE BUT WHEN I DO EVERYONE I KNOW HEARS ABOUT IT,802,7,2
MOST_INTERESTING_MAN,"THANKS TO YOU!  WELL, MOST OF YOU ANYWAY! 180,000!",106,2,3
MOST_INTERESTING_MAN,MY NEW YEAR'S REVOLUTION IS TO UN-INSTALL AUTOCORRECT.,13885,119,25
MOST_INTERESTING_MAN,IT'S ONLY CHEATING IF YOU GET CAUGHT,13,1,0
MOST_INTERESTING_MAN,"I DON'T ALWAYS MAKE FROZEN FOOD BUT WHEN I DO, I HAVE TO TAKE THE BOX BACK OUT OF THE GARBAGE FOR COOKING INSTRUCTIONS",611,12,3
MOST_INTERESTING_MAN,"MY EX IS LIKE A STORMTROOPER SHE'S ANGRY, BUT SHE STILL MISSES ME",4944,79,18
MOST_INTERESTING_MAN,I DON'T ALWAYS EAT SARDINES BUT WHEN I DO IT'S RIGHT BEFORE A DENTIST APPOINTMENT.,206,8,9
MOST_INTERESTING_MAN,"I USED TO EAT ONLY ""NATURAL"" FOODS BUT THEN I REALIZED THAT MOST PEOPLE DIE OF NATURAL CAUSES.",3465,64,7
MOST_INTERESTING_MAN,I HEARD THAT MOST ACCIDENTS HAPPEN IN YOUR HOME SO I MOVED.,46,4,0
MOST_INTERESTING_MAN,I DON'T ALWAYS MAKE MEMES BUT WHEN I DO I'M SURE TO POST THEM ON IMGFLIP,80,4,1
MOST_INTERESTING_MAN,"I DON'T ALWAYS TELL PEOPLE I'M VEGETARIAN BUT WHEN I DO, EVERYONE SUDDENLY STARTS TO CARE DEEPLY ABOUT MY PROTEIN INTAKE.",37,1,1
MOST_INTERESTING_MAN,I DONT ALWAYS MAKE MEMES BUT WHEN I DO THERE THE DANKEST OF THE DANK,63,1,1
MOST_INTERESTING_MAN,I DON'T ALWAYS HAVE CAR TROUBLE BUT WHEN I DO EVERYONE I KNOW HEARS ABOUT IT,802,7,2
MOST_INTERESTING_MAN,"THANKS TO YOU!  WELL, MOST OF YOU ANYWAY! 180,000!",106,2,3
MOST_INTERESTING_MAN,MY NEW YEAR'S REVOLUTION IS TO UN-INSTALL AUTOCORRECT.,13885,119,25
MOST_INTERESTING_MAN,IT'S ONLY CHEATING IF YOU GET CAUGHT,13,1,0
SUCCESS_KID,HEARD THE GROCERY BAGS FELL DOWN IN THE TRUNK OF MY CAR THE EGGS WERE NOT BROKEN,423,11,0
SUCCESS_KID,"WHEN YOU WRITE 2019, NOT 2018 ON YOUR FIRST ATTEMPT",6571,89,3
SUCCESS_KID,WHEN A GIRL I'M NOT INTO BREAKS IT OFF WITH ME SO I DON'T HAVE TO DO THE HARD PART!,344,5,0
SUCCESS_KID,PAYS FOR ONE CANDY BAR FROM VENDING MACHINE GETS 3 INSTEAD,1682,18,5
SUCCESS_KID,YOU POOPED AND IT FINALLY MADE IT IN THE TOLET YES!!!,70,1,0
SUCCESS_KID,PULLS OUT EARPHONES THEY DIDN'T GET TANGLED,218,2,1
SUCCESS_KID,WHEN YOU GET YOUR FIRST VICTORY ROYALE,170,2,0
SUCCESS_KID,3000 MORE POINTS AND THIS WILL BE ME,90,1,1
SUCCESS_KID,"BEEF INDUSTRY RECALLED 500,OOO POUNDS OF BEEF SO I HAD THE SPAGHETTI AND MEATBALLS ALL TO MYSELF AT THE PARTY!",379,3,9
SUCCESS_KID,FINALLY GOT A THOUSAND POINTS TIME TO POST MEME COMMENTS!,2205,25,40
SUCCESS_KID,MY NEW YEARS RESOLUTION WAS TO MAKE BETTER MEMES MY MEMES ARE STARTING TO GET MINIMUM OF 5 UPVOTES NOW,592,5,10
SUCCESS_KID,WHEN YOUR MEME GETS OVER 10 UPVOTES,5424,82,21
SUCCESS_KID,WHEN YOU FINISH YOUR 2012 NEW YEARS RESOLUTION,749,7,7
SUCCESS_KID,"HELD A STUD FINDER UP TO MY CHEST, IT BEEPED",4457,52,4
SUCCESS_KID,HEARD THE GROCERY BAGS FELL DOWN IN THE TRUNK OF MY CAR THE EGGS WERE NOT BROKEN,423,11,0
SUCCESS_KID,"WHEN YOU WRITE 2019, NOT 2018 ON YOUR FIRST ATTEMPT",6571,89,3
SUCCESS_KID,WHEN A GIRL I'M NOT INTO BREAKS IT OFF WITH ME SO I DON'T HAVE TO DO THE HARD PART!,344,5,0
SUCCESS_KID,PAYS FOR ONE CANDY BAR FROM VENDING MACHINE GETS 3 INSTEAD,1682,18,5
SUCCESS_KID,YOU POOPED AND IT FINALLY MADE IT IN THE TOLET YES!!!,70,1,0
SUCCESS_KID,PULLS OUT EARPHONES THEY DIDN'T GET TANGLED,218,2,1
SUCCESS_KID,WHEN YOU GET YOUR FIRST VICTORY ROYALE,170,2,0
SUCCESS_KID,3000 MORE POINTS AND THIS WILL BE ME,90,1,1
SUCCESS_KID,"BEEF INDUSTRY RECALLED 500,OOO POUNDS OF BEEF SO I HAD THE SPAGHETTI AND MEATBALLS ALL TO MYSELF AT THE PARTY!",379,3,9
SUCCESS_KID,FINALLY GOT A THOUSAND POINTS TIME TO POST MEME COMMENTS!,2205,25,40
SUCCESS_KID,MY NEW YEARS RESOLUTION WAS TO MAKE BETTER MEMES MY MEMES ARE STARTING TO GET MINIMUM OF 5 UPVOTES NOW,592,5,10
SUCCESS_KID,WHEN YOUR MEME GETS OVER 10 UPVOTES,5424,82,21
SUCCESS_KID,WHEN YOU FINISH YOUR 2012 NEW YEARS RESOLUTION,749,7,7
SUCCESS_KID,"HELD A STUD FINDER UP TO MY CHEST, IT BEEPED",4457,52,4
BAD_LUCK_BRIAN,"MAKES A MEME WITH SO MANY WORDS IN IT, SO MANY LETTERS IN THOSE WORDS, AND SUCH TINY, BARELY VISIBLE FONT USED TO CREATE THOSE LETTERS AND W",12440,116,61
BAD_LUCK_BRIAN,VISITS BERLIN THEY PUT THE WALL BACK UP,4293,67,7
BAD_LUCK_BRIAN,WENT TO THE DENTIST TO GET HIS BRACES OFF GOT A COLONOSCOPY INSTEAD,485,8,1
BAD_LUCK_BRIAN,GETS FIRED FOR SMOKING AT WORK WORKS FOR CIGAR COMPANY,162,5,2
BAD_LUCK_BRIAN,VISITS THAILAND THE LADYBOYS HIDE,278,4,3
BAD_LUCK_BRIAN,"TRIES TO ""GET"" THE GIRLS GETS ARRESTED FOR KIDNAPPING",426,8,0
BAD_LUCK_BRIAN,SPENDS $500 ON A BLOW UP DOLL IT RUNS AWAY WITH A SPARE TIRE,176,3,0
BAD_LUCK_BRIAN,DIES AND BECOMES A GHOST GETS HAUNTED,32,3,0
BAD_LUCK_BRIAN,LEARNS TO PLAY DRUMS AND JOINS A BAND SPINAL TAP,84,2,0
BAD_LUCK_BRIAN,IT'S -410 DEGREES FARENHEIGHT DIES OF HEAT STROKE,74,2,0
BAD_LUCK_BRIAN,GOES ON A 3 HOUR BOAT TRIP ON THE S.S. MINNOW,1478,16,0
BAD_LUCK_BRIAN,BITES INTO CHOCOLATE CHIP COOKIE ACTUALLY OATMEAL RAISIN,243,4,0
BAD_LUCK_BRIAN,TURNS  LEFT TICKETED  FOR  HALF    AN  ILLEGAL  U-TURN,1601,22,3
BAD_LUCK_BRIAN,"MAKES A MEME WITH SO MANY WORDS IN IT, SO MANY LETTERS IN THOSE WORDS, AND SUCH TINY, BARELY VISIBLE FONT USED TO CREATE THOSE LETTERS AND W",12440,116,61
BAD_LUCK_BRIAN,VISITS BERLIN THEY PUT THE WALL BACK UP,4293,67,7
BAD_LUCK_BRIAN,WENT TO THE DENTIST TO GET HIS BRACES OFF GOT A COLONOSCOPY INSTEAD,485,8,1
BAD_LUCK_BRIAN,GETS FIRED FOR SMOKING AT WORK WORKS FOR CIGAR COMPANY,162,5,2
BAD_LUCK_BRIAN,VISITS THAILAND THE LADYBOYS HIDE,278,4,3
BAD_LUCK_BRIAN,"TRIES TO ""GET"" THE GIRLS GETS ARRESTED FOR KIDNAPPING",426,8,0
BAD_LUCK_BRIAN,SPENDS $500 ON A BLOW UP DOLL IT RUNS AWAY WITH A SPARE TIRE,176,3,0
BAD_LUCK_BRIAN,DIES AND BECOMES A GHOST GETS HAUNTED,32,3,0
BAD_LUCK_BRIAN,LEARNS TO PLAY DRUMS AND JOINS A BAND SPINAL TAP,84,2,0
BAD_LUCK_BRIAN,IT'S -410 DEGREES FARENHEIGHT DIES OF HEAT STROKE,74,2,0
BAD_LUCK_BRIAN,GOES ON A 3 HOUR BOAT TRIP ON THE S.S. MINNOW,1478,16,0
BAD_LUCK_BRIAN,BITES INTO CHOCOLATE CHIP COOKIE ACTUALLY OATMEAL RAISIN,243,4,0
BAD_LUCK_BRIAN,TURNS  LEFT TICKETED  FOR  HALF    AN  ILLEGAL  U-TURN,1601,22,3
GOOD_GUY_GREG,DOESNT BUY STUFF ONLINE TO KEEP SMALL BUISNESSES OPEN,156,3,1
GOOD_GUY_GREG,ELDERLY NEIGHBOR PUT OUT HER EMPTY GARBAGE CANS THE DAY AFTER CHRISTMAS JUST SO I COULD GET RID OF ALL THE BOXES AND WRAPPING PAPER FROM MY ,78631,21,1
GOOD_GUY_GREG,TAKES HIS TIME TO CHECK     YOUR LATEST MEMES AFTER YOU LEAVE A COMMENT ON HIS,6534,80,36
GOOD_GUY_GREG,41 AND NOT MARRIED NEW YEAR'S RESOLUTION... DON'T GET MARRIED,261,3,0
GOOD_GUY_GREG,"WELL NOW, WELCOME TO THE REAL WORLD WHERE NOT EVERYONE THINKS AS YOU DO",286,4,0
GOOD_GUY_GREG,USES THE CROSSWALK WALKS AT A BRISK PACE AS TO NOT MAKE ANY CARS WAIT LONGER THAN THEY HAVE TO,519,8,1
GOOD_GUY_GREG,ALWAYS STANDS WHEN TAKING PUBLIC TRANSIT SO NO ONE HAS TO AWKWARDLY ASK FOR HIS SEAT OR FEEL BAD ABOUT TAKING HIS,214,4,0
GOOD_GUY_GREG,"LADY AT PIZZA HUT HANDS ME MY PIZZA, SAYS THANK YOU AND WALKS AWAY I LET HER KNOW I HAVEN'T PAID YET",4453,61,33
GOOD_GUY_GREG,WHERE IN THE WORLD IS GOOD GUY GREG???,116,1,0
GOOD_GUY_GREG,"MY NEW YEAR'S RESOLUTION IS TO STOP WONDERING IF I'M GOOD ENOUGH FOR OTHERS, AND START WONDERING IF OTHERS ARE GOOD FOR ME!",193,2,1
GOOD_GUY_GREG,STEALS SOMEONE'S IDENTITY IMPROVES THEIR CREDIT SCORE,2966,59,5
GOOD_GUY_GREG,BUYS HALLOWEEN CANDY FOR THE KIDS DOESN'T EAT ANY OF IT,3248,33,12
GOOD_GUY_GREG,"MAKES A MEME, POSTS IT UPVOTES EACH OF THE COMMENTS",240,3,1
GOOD_GUY_GREG,UPVOTES ALL THE COMMENTS WHEN THE MEME CREATOR WON'T,10001,121,56
GOOD_GUY_GREG,DOESNT BUY STUFF ONLINE TO KEEP SMALL BUISNESSES OPEN,156,3,1
GOOD_GUY_GREG,ELDERLY NEIGHBOR PUT OUT HER EMPTY GARBAGE CANS THE DAY AFTER CHRISTMAS JUST SO I COULD GET RID OF ALL THE BOXES AND WRAPPING PAPER FROM MY ,78631,21,1
GOOD_GUY_GREG,TAKES HIS TIME TO CHECK     YOUR LATEST MEMES AFTER YOU LEAVE A COMMENT ON HIS,6534,80,36
GOOD_GUY_GREG,41 AND NOT MARRIED NEW YEAR'S RESOLUTION... DON'T GET MARRIED,261,3,0
GOOD_GUY_GREG,"WELL NOW, WELCOME TO THE REAL WORLD WHERE NOT EVERYONE THINKS AS YOU DO",286,4,0
GOOD_GUY_GREG,USES THE CROSSWALK WALKS AT A BRISK PACE AS TO NOT MAKE ANY CARS WAIT LONGER THAN THEY HAVE TO,519,8,1
GOOD_GUY_GREG,ALWAYS STANDS WHEN TAKING PUBLIC TRANSIT SO NO ONE HAS TO AWKWARDLY ASK FOR HIS SEAT OR FEEL BAD ABOUT TAKING HIS,214,4,0
GOOD_GUY_GREG,"LADY AT PIZZA HUT HANDS ME MY PIZZA, SAYS THANK YOU AND WALKS AWAY I LET HER KNOW I HAVEN'T PAID YET",4453,61,33
GOOD_GUY_GREG,WHERE IN THE WORLD IS GOOD GUY GREG???,116,1,0
GOOD_GUY_GREG,"MY NEW YEAR'S RESOLUTION IS TO STOP WONDERING IF I'M GOOD ENOUGH FOR OTHERS, AND START WONDERING IF OTHERS ARE GOOD FOR ME!",193,2,1
GOOD_GUY_GREG,STEALS SOMEONE'S IDENTITY IMPROVES THEIR CREDIT SCORE,2966,59,5
GOOD_GUY_GREG,BUYS HALLOWEEN CANDY FOR THE KIDS DOESN'T EAT ANY OF IT,3248,33,12
GOOD_GUY_GREG,"MAKES A MEME, POSTS IT UPVOTES EACH OF THE COMMENTS",240,3,1
GOOD_GUY_GREG,UPVOTES ALL THE COMMENTS WHEN THE MEME CREATOR WON'T,10001,121,56
FOREVER_ALONE,I HAVE A DATE WITH MY BED BUT SHE CANCELED,66,2,0
FOREVER_ALONE,HEARS A NOISE IN THE MIDDLE OF THE NIGHT HOPES SOMEONE IS THERE,683,11,6
FOREVER_ALONE,I'VE HAD A NUMBER OF GIRLFRIENDS IN MY LIFE THAT NUMBER JUST HAPPENS TO BE ZERO,3988,57,22
FOREVER_ALONE,TALKS TO THE VOICES IN HIS HEAD THEY LEAVE,235,4,0
FOREVER_ALONE,THROWS FRISBEE NEVER COMES BACK,1841,25,10
FOREVER_ALONE,"THAT FACE YOU MAKE WHEN YOU PROPOSE TO YOUR GIRLFRIEND AND SHE SAYS ""NO""",2951,33,6
FOREVER_ALONE,YOUR FACE WHEN YOU REACH YOUR HAND INTO A PRINGLES CAN TO FIND IT EMPTY.,189,3,0
FOREVER_ALONE,"""PRESS F TO PAY RESPECTS"" NO ONE PRESSES F FOR HIM",305,5,2
FOREVER_ALONE,WHEN OTHER WOMEN YOUR AGE TAKE UP SCRAPBOOKING AND YOUR LIKE MINE WOULD BE THE SADDEST SCRAPBOOK EVER,313,4,8
FOREVER_ALONE,GOES TO NORTH SENTINEL ISLAND DOESN'T EVEN GET NOTICED,458,7,2
FOREVER_ALONE,"ME WHEN I GET 4 UPVOTES: WOW, A NEW RECORD!",1945,42,2
FOREVER_ALONE,"I HAVE FRIENDS, ALL 10 SEASONS",6270,79,5
FOREVER_ALONE,DONATES HIS BODY TO SCIENCE SCIENCE SAYS THANK YOU BUT NO,5415,75,25
FOREVER_ALONE,BUT MEMES ARE ALL I HAVE WHY CAN’T I MAKE A CAREER OFF OF THEM?,319,7,0
FOREVER_ALONE,I HAVE A DATE WITH MY BED BUT SHE CANCELED,66,2,0
FOREVER_ALONE,HEARS A NOISE IN THE MIDDLE OF THE NIGHT HOPES SOMEONE IS THERE,683,11,6
FOREVER_ALONE,I'VE HAD A NUMBER OF GIRLFRIENDS IN MY LIFE THAT NUMBER JUST HAPPENS TO BE ZERO,3988,57,22
FOREVER_ALONE,TALKS TO THE VOICES IN HIS HEAD THEY LEAVE,235,4,0
FOREVER_ALONE,THROWS FRISBEE NEVER COMES BACK,1841,25,10
FOREVER_ALONE,"THAT FACE YOU MAKE WHEN YOU PROPOSE TO YOUR GIRLFRIEND AND SHE SAYS ""NO""",2951,33,6
FOREVER_ALONE,YOUR FACE WHEN YOU REACH YOUR HAND INTO A PRINGLES CAN TO FIND IT EMPTY.,189,3,0
FOREVER_ALONE,"""PRESS F TO PAY RESPECTS"" NO ONE PRESSES F FOR HIM",305,5,2
FOREVER_ALONE,WHEN OTHER WOMEN YOUR AGE TAKE UP SCRAPBOOKING AND YOUR LIKE MINE WOULD BE THE SADDEST SCRAPBOOK EVER,313,4,8
FOREVER_ALONE,GOES TO NORTH SENTINEL ISLAND DOESN'T EVEN GET NOTICED,458,7,2
FOREVER_ALONE,"ME WHEN I GET 4 UPVOTES: WOW, A NEW RECORD!",1945,42,2
FOREVER_ALONE,"I HAVE FRIENDS, ALL 10 SEASONS",6270,79,5
FOREVER_ALONE,DONATES HIS BODY TO SCIENCE SCIENCE SAYS THANK YOU BUT NO,5415,75,25
FOREVER_ALONE,BUT MEMES ARE ALL I HAVE WHY CAN’T I MAKE A CAREER OFF OF THEM?,319,7,0
ALL_THE_THINGS,INTROVERTS UNITE! SEPARATELY...IN YOUR OWN HOMES...ALONE.,12997,168,53
ALL_THE_THINGS,UPVOTE ALL THE MEMES,524,6,2
ALL_THE_THINGS,HELP ALL THE NOOBS!,308,2,2
ALL_THE_THINGS,WHEN YOU SEE YOUR MEME WITH 2 UPVOTES,1073,14,4
ALL_THE_THINGS,WHEN YOU WAKE UP A MINUTE BEFORE THE ALARM,259,1,0
ALL_THE_THINGS,NOT SURE IF MISUSING TEMPLATE OR IT'S NONE OF MY BUSINESS,797,6,4
ALL_THE_THINGS,HAPPY NEW YEAR IMGFLIP!,537,4,0
ALL_THE_THINGS,HAPPY NEW YEAR MEMERS! LET’S HOPE WE CAN ALL ACHIEVE SOMETHING GREAT THIS YEAR!,459,4,0
ALL_THE_THINGS,"2,000 AWAY FROM 100K POINTS! THANK YOU ALL FOR THE HELP!",848,7,10
ALL_THE_THINGS,FIND ALL THE MUSIC ME IN ANIMAL CROSSING,331,2,0
ALL_THE_THINGS,LET'S MAKE 2019 THE BEST YEAR EVER,377,1,0
ALL_THE_THINGS,V4 FLOWER MORE LIKE V4 FLOUR,665,3,3
ALL_THE_THINGS,MISSPELL ALL THE NAMES!,1050,5,0
ALL_THE_THINGS,WIPE OUT ALL THE UNIVERSES,3904,27,6
ALL_THE_THINGS,INTROVERTS UNITE! SEPARATELY...IN YOUR OWN HOMES...ALONE.,12997,168,53
ALL_THE_THINGS,UPVOTE ALL THE MEMES,524,6,2
ALL_THE_THINGS,HELP ALL THE NOOBS!,308,2,2
ALL_THE_THINGS,WHEN YOU SEE YOUR MEME WITH 2 UPVOTES,1073,14,4
ALL_THE_THINGS,WHEN YOU WAKE UP A MINUTE BEFORE THE ALARM,259,1,0
ALL_THE_THINGS,NOT SURE IF MISUSING TEMPLATE OR IT'S NONE OF MY BUSINESS,797,6,4
ALL_THE_THINGS,HAPPY NEW YEAR IMGFLIP!,537,4,0
ALL_THE_THINGS,HAPPY NEW YEAR MEMERS! LET’S HOPE WE CAN ALL ACHIEVE SOMETHING GREAT THIS YEAR!,459,4,0
ALL_THE_THINGS,"2,000 AWAY FROM 100K POINTS! THANK YOU ALL FOR THE HELP!",848,7,10
ALL_THE_THINGS,FIND ALL THE MUSIC ME IN ANIMAL CROSSING,331,2,0
ALL_THE_THINGS,LET'S MAKE 2019 THE BEST YEAR EVER,377,1,0
ALL_THE_THINGS,V4 FLOWER MORE LIKE V4 FLOUR,665,3,3
ALL_THE_THINGS,MISSPELL ALL THE NAMES!,1050,5,0
ALL_THE_THINGS,WIPE OUT ALL THE UNIVERSES,3904,27,6
YO_DAWG,"WAS WATCHING THE NEWS AND HEARD A RUSSIAN BABY SURVIVED A COLLAPSED HOUSE, EXPLOSION, FROSTBITE, AND HYPOTHERMIA WELL THAT'S RUSSIANS FOR YO",1996,23,11
YO_DAWG,FFS BBC COULD YOU PLEASE JUST REPORT THE NEWS WITHOUT THE SPIN,334,3,0
YO_DAWG,"YOU WANNA DATE ME, BUT YOUR TEETH ARE SO YELLOW I DON'T KNOW WHETHER TO HAND YOU A TOOTHBRUSH OR PROCEED WITH CAUTION",1183,15,3
YO_DAWG,I JUST SAW A BAIL BONDSMAN COMMERCIAL THAT SAID &QUOT;WE'LL HAVE YOU OUT BEFORE THE SOAP HITS THE FLOOR&QUOT;,14334,144,39
YO_DAWG,SAW TWO BLIND GUYS FIGHTING IN THE STREET SHOULD'VE SEEN THE LOOK ON THEIR FACES WHEN I SAID &QUOT;MY MONEY IS ON THE ONE WITH THE KNIFE&QUOT;,44544,345,82
YO_DAWG,RAISINS DON’T GO IN POTATO SALAD,302,3,0
YO_DAWG,I GOT UNFRIENDED BECAUSE I PROVE THEIR NEWS STORIES WRONG WITH FACTS,23555,155,58
YO_DAWG,YO DAWG HEARD YOU CREATED A FENCE INSTEAD OF A WALL,347,3,0
YO_DAWG,DID YOU REALLY THINK YOU WILL FIND IT IN A DICTIONARY,226,1,0
YO_DAWG,"YO DAWG, I HEARD YOU LIKE BOXES AND BOXING SO DURING THE HOLIDAYS, I'LL GIVE YOU BOXES WRAPPED IN OTHER BOXES, AND BOXING MERCHANDISE IN OTH",205,1,0
YO_DAWG,I LOVE IT WHEN GIRLS SAY THAT THEIR BOYFRIEND IS THEIR WORLD THIS IS THE FOURTH WORLD YOU'VE HAD IN 2 MONTHS. ARE YOU BUILDING A SOLAR SYSTE,33834,304,43
YO_DAWG,EVERY GIRL WANTS TO BE SWEPT OFF HER FEET. IT'S WHEN YOU TRY TO PUT THEM IN THE TRUNK THAT THEY START TO FREAK OUT.,5455,71,11
YO_DAWG,I MADE A PRO-TRUMP MEME AS ANOMYMOUS THE LIBERALS THOUGHT I WAS A RUSSIAN,8699,67,26
YO_DAWG,"WAS WATCHING THE NEWS AND HEARD A RUSSIAN BABY SURVIVED A COLLAPSED HOUSE, EXPLOSION, FROSTBITE, AND HYPOTHERMIA WELL THAT'S RUSSIANS FOR YO",1996,23,11
YO_DAWG,FFS BBC COULD YOU PLEASE JUST REPORT THE NEWS WITHOUT THE SPIN,334,3,0
YO_DAWG,"YOU WANNA DATE ME, BUT YOUR TEETH ARE SO YELLOW I DON'T KNOW WHETHER TO HAND YOU A TOOTHBRUSH OR PROCEED WITH CAUTION",1183,15,3
YO_DAWG,I JUST SAW A BAIL BONDSMAN COMMERCIAL THAT SAID &QUOT;WE'LL HAVE YOU OUT BEFORE THE SOAP HITS THE FLOOR&QUOT;,14334,144,39
YO_DAWG,SAW TWO BLIND GUYS FIGHTING IN THE STREET SHOULD'VE SEEN THE LOOK ON THEIR FACES WHEN I SAID &QUOT;MY MONEY IS ON THE ONE WITH THE KNIFE&QUOT;,44544,345,82
YO_DAWG,RAISINS DON’T GO IN POTATO SALAD,302,3,0
YO_DAWG,I GOT UNFRIENDED BECAUSE I PROVE THEIR NEWS STORIES WRONG WITH FACTS,23555,155,58
YO_DAWG,YO DAWG HEARD YOU CREATED A FENCE INSTEAD OF A WALL,347,3,0
YO_DAWG,DID YOU REALLY THINK YOU WILL FIND IT IN A DICTIONARY,226,1,0
YO_DAWG,"YO DAWG, I HEARD YOU LIKE BOXES AND BOXING SO DURING THE HOLIDAYS, I'LL GIVE YOU BOXES WRAPPED IN OTHER BOXES, AND BOXING MERCHANDISE IN OTH",205,1,0
YO_DAWG,I LOVE IT WHEN GIRLS SAY THAT THEIR BOYFRIEND IS THEIR WORLD THIS IS THE FOURTH WORLD YOU'VE HAD IN 2 MONTHS. ARE YOU BUILDING A SOLAR SYSTE,33834,304,43
YO_DAWG,EVERY GIRL WANTS TO BE SWEPT OFF HER FEET. IT'S WHEN YOU TRY TO PUT THEM IN THE TRUNK THAT THEY START TO FREAK OUT.,5455,71,11
YO_DAWG,I MADE A PRO-TRUMP MEME AS ANOMYMOUS THE LIBERALS THOUGHT I WAS A RUSSIAN,8699,67,26
CONSPIRACY_KEANU,IF TRUMP BUILDS A WALL TO KEEP OUT ALIENS WON'T THE UFO'S JUST FLY RIGHT OVER IT?,269,11,0
CONSPIRACY_KEANU,WHAT IF WE ACTUALLY LIVE IN A COMPUTER SIMULATION,26,1,0
CONSPIRACY_KEANU,WHAT IF THE CEILING FAN IS STANDING STILL AND THE ROOM IS ACTUALLY SPINNING?,3884,62,13
CONSPIRACY_KEANU,WHAT IF EVERY IMGFLIP USER IS A BOT BESIDES ME,881,16,6
CONSPIRACY_KEANU,WHAT IF MARCH REALLY HAS 32 DAYS AND APRIL 1ST IS JUST A PRANK,18154,235,26
CONSPIRACY_KEANU,THE WEATHERMAN KEEPS TALKING ABOUT KILLER TORNADOES SO WHAT HAPPENED TO ALL THE PACIFIST ONES?,560,8,0
CONSPIRACY_KEANU,WHAT IF WE WAKE UP ONE DAY AND REALIZE WE WERE ALL IN THE MATRIX THE WHOLE TIME,110,1,0
CONSPIRACY_KEANU,WHAT IF CANDY CANES ARE OLD WALKING STICKS FROM ELVES WHO HAVE DIED,15080,159,46
CONSPIRACY_KEANU,WHAT IF IMGFLIP ACTUALLY MADE ALL THE FEATURED MEMES AND THEY JUST ADD FAKE PROFILE NAMES TO COVER THE TRUTH?,462,9,3
CONSPIRACY_KEANU,WHAT IF PEOPLE WHO ARE COLORBLIND SEE COLOR CORRECTLY,228,5,0
CONSPIRACY_KEANU,WHAT IF WATER IS A DRUG AND THE WITHDRAWAL KILLS YOU IN 3 DAYS,1419,23,1
CONSPIRACY_KEANU,WHAT IF BEING A SOCIAL JUSTICE WARRIOR WAS ILLEGAL BUT THE GOVERNMENT FORGOT,132,2,0
CONSPIRACY_KEANU,"WHAT IF AXE BODY SPRAY WAS INVENTED BY WOMEN, TO MORE EASILY IDENTIFY DOUCHBAGS?",33437,226,48
CONSPIRACY_KEANU,IF TRUMP BUILDS A WALL TO KEEP OUT ALIENS WON'T THE UFO'S JUST FLY RIGHT OVER IT?,269,11,0
CONSPIRACY_KEANU,WHAT IF WE ACTUALLY LIVE IN A COMPUTER SIMULATION,26,1,0
CONSPIRACY_KEANU,WHAT IF THE CEILING FAN IS STANDING STILL AND THE ROOM IS ACTUALLY SPINNING?,3884,62,13
CONSPIRACY_KEANU,WHAT IF EVERY IMGFLIP USER IS A BOT BESIDES ME,881,16,6
CONSPIRACY_KEANU,WHAT IF MARCH REALLY HAS 32 DAYS AND APRIL 1ST IS JUST A PRANK,18154,235,26
CONSPIRACY_KEANU,THE WEATHERMAN KEEPS TALKING ABOUT KILLER TORNADOES SO WHAT HAPPENED TO ALL THE PACIFIST ONES?,560,8,0
CONSPIRACY_KEANU,WHAT IF WE WAKE UP ONE DAY AND REALIZE WE WERE ALL IN THE MATRIX THE WHOLE TIME,110,1,0
CONSPIRACY_KEANU,WHAT IF CANDY CANES ARE OLD WALKING STICKS FROM ELVES WHO HAVE DIED,15080,159,46
CONSPIRACY_KEANU,WHAT IF IMGFLIP ACTUALLY MADE ALL THE FEATURED MEMES AND THEY JUST ADD FAKE PROFILE NAMES TO COVER THE TRUTH?,462,9,3
CONSPIRACY_KEANU,WHAT IF PEOPLE WHO ARE COLORBLIND SEE COLOR CORRECTLY,228,5,0
CONSPIRACY_KEANU,WHAT IF WATER IS A DRUG AND THE WITHDRAWAL KILLS YOU IN 3 DAYS,1419,23,1
CONSPIRACY_KEANU,WHAT IF BEING A SOCIAL JUSTICE WARRIOR WAS ILLEGAL BUT THE GOVERNMENT FORGOT,132,2,0
CONSPIRACY_KEANU,"WHAT IF AXE BODY SPRAY WAS INVENTED BY WOMEN, TO MORE EASILY IDENTIFY DOUCHBAGS?",33437,226,48
WILLY_WONKA,I MAKE GOOD CONTENT AND GET NO UPVOTES. I MAKE TRASH CONTENT AND I GET LOTS WHAT DO U PEOPLE WANT FROM ME?,100,1,1
WILLY_WONKA,A MARIJUANA-SMOKING FEMALE JANITOR? THAT'S WHAT I CALL A HIGH MAINTENANCE WOMAN.,4025,60,9
WILLY_WONKA,I HAVE A PARANORMAL WEIGHT ROOM IT'S WHERE I GO TO LIFT MY SPIRITS,8096,99,38
WILLY_WONKA,MY BAND TEACHER CALLS US STUDENTS VICTIMS WHAT DOES YOURS CALL U GUYS?,166,1,1
WILLY_WONKA,SO YOU THINK A GUN BAN WILL MAKE THE WORLD BETTER? TELL ME AGAIN HOW CRIMINALS FOLLOW LAWS.,1464,23,3
WILLY_WONKA,"LEAVE A BETTER PLANET FOR YOUR CHILDREN? I'VE SEEN YOUR CHILDREN, THEY DON'T EVEN DESERVE THE PLANET WE HAVE NOW",8336,99,24
WILLY_WONKA,IVE GOT TO STOP ASKING PEOPLE HOW STUPID THEY CAN BE BECAUSE IM STARTING TO THINK THEY ARE TAKING IT AS A CHALLENGE,1957,26,4
WILLY_WONKA,OH I'M FIVE MINUTES LATE TO CLASS? PLEASE LOOK AT ME LIKE I JUST KILLED TEN PEOPLE,173,1,2
WILLY_WONKA,YA LIKE JAZZ YA LIKE SMOOTH JAZZ,182,1,1
WILLY_WONKA,"SO YOU SAY IT IS WRONG, STUPID, UNACCEPTABLE, ETC. FOR MALES TO HAVE LONG HAIR BUT YOU HAVE NO PROBLEM WITH JESUS BEING THE SAME WAY",176,2,0
WILLY_WONKA,AHHHH WOMEN,1677,17,7
WILLY_WONKA,"BREATHING AIR IS FORCED UPON YOU WITHOUT DECISION AND VIOLATES YOUR RIGHTS AS AN INDIVIDUAL SO PLEASE, STOP BREATHING TO PROVE A POINT",1996,21,6
WILLY_WONKA,"OH LOOK, A 9 YERA OLD GIRL WEARING A NIRVANA SHIRT BET SHE HAS NO CLUE WHO KURT COBAIN IS",280,2,3
WILLY_WONKA,OH REALLY NOW? LETS HEAR YOUR SIDE OF THE STORY THEN,377,3,6
WILLY_WONKA,I MAKE GOOD CONTENT AND GET NO UPVOTES. I MAKE TRASH CONTENT AND I GET LOTS WHAT DO U PEOPLE WANT FROM ME?,100,1,1
WILLY_WONKA,A MARIJUANA-SMOKING FEMALE JANITOR? THAT'S WHAT I CALL A HIGH MAINTENANCE WOMAN.,4025,60,9
WILLY_WONKA,I HAVE A PARANORMAL WEIGHT ROOM IT'S WHERE I GO TO LIFT MY SPIRITS,8096,99,38
WILLY_WONKA,MY BAND TEACHER CALLS US STUDENTS VICTIMS WHAT DOES YOURS CALL U GUYS?,166,1,1
WILLY_WONKA,SO YOU THINK A GUN BAN WILL MAKE THE WORLD BETTER? TELL ME AGAIN HOW CRIMINALS FOLLOW LAWS.,1464,23,3
WILLY_WONKA,"LEAVE A BETTER PLANET FOR YOUR CHILDREN? I'VE SEEN YOUR CHILDREN, THEY DON'T EVEN DESERVE THE PLANET WE HAVE NOW",8336,99,24
WILLY_WONKA,IVE GOT TO STOP ASKING PEOPLE HOW STUPID THEY CAN BE BECAUSE IM STARTING TO THINK THEY ARE TAKING IT AS A CHALLENGE,1957,26,4
WILLY_WONKA,OH I'M FIVE MINUTES LATE TO CLASS? PLEASE LOOK AT ME LIKE I JUST KILLED TEN PEOPLE,173,1,2
WILLY_WONKA,YA LIKE JAZZ YA LIKE SMOOTH JAZZ,182,1,1
WILLY_WONKA,"SO YOU SAY IT IS WRONG, STUPID, UNACCEPTABLE, ETC. FOR MALES TO HAVE LONG HAIR BUT YOU HAVE NO PROBLEM WITH JESUS BEING THE SAME WAY",176,2,0
WILLY_WONKA,AHHHH WOMEN,1677,17,7
WILLY_WONKA,"BREATHING AIR IS FORCED UPON YOU WITHOUT DECISION AND VIOLATES YOUR RIGHTS AS AN INDIVIDUAL SO PLEASE, STOP BREATHING TO PROVE A POINT",1996,21,6
WILLY_WONKA,"OH LOOK, A 9 YERA OLD GIRL WEARING A NIRVANA SHIRT BET SHE HAS NO CLUE WHO KURT COBAIN IS",280,2,3
WILLY_WONKA,OH REALLY NOW? LETS HEAR YOUR SIDE OF THE STORY THEN,377,3,6
WINTER_IS_COMING,"BRACE YOURSELVES. THE ""I REMEMBER 2018 LIKE IT WAS YESTERDAY"" MEMES ARE COMING.",32398,198,117
WINTER_IS_COMING,"&QUOT;BRACE YOURSELVES. WINTER IS COMING... AGAIN.&QUOT; GO HOME, GEORGIA. YOU'RE DRUNK.",304,3,0
WINTER_IS_COMING,GODLEY AND           CREME CRY,145,1,1
WINTER_IS_COMING,BRACE YOURSELVES 2019 IS COMIN',299,2,0
WINTER_IS_COMING,BRACE YOURSELF PELOSI IS COMING,694,7,1
WINTER_IS_COMING,BRACE YOURSELVES MORE PEOPLE WHO COPY OTHERS ARE COMING,402,3,0
WINTER_IS_COMING,BRACE YOURSELVES THE NEW YEAR'S RESOLUTION GYM CROWDS ARE COMING,1410,6,2
WINTER_IS_COMING,BRACE YOURSELVES JANUARY GYM MEMBERSHIPS ARE COMING,415,3,0
WINTER_IS_COMING,BRACE YOURSELVES VALENTINES DAY IS COMING,308,4,1
WINTER_IS_COMING,BRACE YOURSELVES BAD 2019 MEMES ARE COMING!,262,3,0
WINTER_IS_COMING,BRACE YOURSELVES ONE MORE YEAR TILL THE NEXT PRESIDENT ARRIVES,258,2,11
WINTER_IS_COMING,BRACE YOURSELF ANXIETY IS COMING,169,2,0
WINTER_IS_COMING,BRACE YOURSELVES THE THE NEW YEAR RESOLUTIONS THAT LAST 2 WEEKS ARE COMING,690,5,0
WINTER_IS_COMING,IM GONNA BE FAMOUS ON IMGFLIP MARK MY WORDS DANK MEMES INCOMIMG,1543,12,11
WINTER_IS_COMING,"BRACE YOURSELVES. THE ""I REMEMBER 2018 LIKE IT WAS YESTERDAY"" MEMES ARE COMING.",32398,198,117
WINTER_IS_COMING,"&QUOT;BRACE YOURSELVES. WINTER IS COMING... AGAIN.&QUOT; GO HOME, GEORGIA. YOU'RE DRUNK.",304,3,0
WINTER_IS_COMING,GODLEY AND           CREME CRY,145,1,1
WINTER_IS_COMING,BRACE YOURSELVES 2019 IS COMIN',299,2,0
WINTER_IS_COMING,BRACE YOURSELF PELOSI IS COMING,694,7,1
WINTER_IS_COMING,BRACE YOURSELVES MORE PEOPLE WHO COPY OTHERS ARE COMING,402,3,0
WINTER_IS_COMING,BRACE YOURSELVES THE NEW YEAR'S RESOLUTION GYM CROWDS ARE COMING,1410,6,2
WINTER_IS_COMING,BRACE YOURSELVES JANUARY GYM MEMBERSHIPS ARE COMING,415,3,0
WINTER_IS_COMING,BRACE YOURSELVES VALENTINES DAY IS COMING,308,4,1
WINTER_IS_COMING,BRACE YOURSELVES BAD 2019 MEMES ARE COMING!,262,3,0
WINTER_IS_COMING,BRACE YOURSELVES ONE MORE YEAR TILL THE NEXT PRESIDENT ARRIVES,258,2,11
WINTER_IS_COMING,BRACE YOURSELF ANXIETY IS COMING,169,2,0
WINTER_IS_COMING,BRACE YOURSELVES THE THE NEW YEAR RESOLUTIONS THAT LAST 2 WEEKS ARE COMING,690,5,0
WINTER_IS_COMING,IM GONNA BE FAMOUS ON IMGFLIP MARK MY WORDS DANK MEMES INCOMIMG,1543,12,11
FUTURAMA_FRY,WHEN I TRY TO FIGURE OUT WHO FARTED,1350,17,2
FUTURAMA_FRY,I JUST FIGURED OUT THE PUNCHLINE TO A JOKE I HEARD WELL OVER A YEAR AGO NOT SURE IF I SHOULD REPEAT THE JOKE OR SAVE EVERYONE ELSE'S TIME,1271,17,3
FUTURAMA_FRY,WHEN YOU GET THE LOOK CAUSE YOUR LATE!!!!!!!,86,2,0
FUTURAMA_FRY,I HAVE A FRIEND THAT DRINKS BEER IN THE SHOWER BUT I CAN'T MAKE FUN OF HIM BECAUSE I SMOKE CIGARETTES IN THE SHOWER,1837,16,11
FUTURAMA_FRY,NOT SURE IF LITTLE CEASERS PIZZA CUTTERS ARE THAT DULL OR THEIR EMPLOYEES ARE THAT LAZY,4191,41,19
FUTURAMA_FRY,WHEN YOU SAY HI TO A FEMINIST BUT THEN THEY SAY YOU ARE TRYING TO SEXUALLY HARASS THEM &QUOT;I DON'T KNOW IF YOU WERE BORN STUPID OR YOU GOT THAT,60,2,0
FUTURAMA_FRY,WHEN A MEME GETS MANY UPVOTES BUT YOU CAN'T FIGURE OUT WHY,33,2,0
FUTURAMA_FRY,"WHEN SOMEONE SAYS THEY LIKE ""ALL TYPES OF MUSIC"" WHAT THEY REALLY MEAN IS ""ALL MUSIC ON THE RADIO""",56,1,0
FUTURAMA_FRY,"I'M ON THE TOILET AT 11:59 PM, DECEMBER 31ST. AND IT'S THE SAME SHIT EVERY YEAR",354,1,0
FUTURAMA_FRY,NOT SURE IF SOME IMGFLIP MODS ARE LAZY OR ILLITERATE WHEN POLITICAL MEMES END UP IN THE FUN STREAM,973,11,10
FUTURAMA_FRY,IF A FIRE HYDRANT SPRAYS WATER DOES A WATER HYDRANT SPRAY FIRE,471,5,0
FUTURAMA_FRY,NOT SURE IF COFFEE IS TOO STRONG OR I FORGOT MY ADHD MEDS THIS MORNING,2355,28,12
FUTURAMA_FRY,WHEN YOUR FRIEND SAYS METALLICA SUCKS BUT LISTENS TO FIVE FINGER DEATH PUNCH...,182,2,1
FUTURAMA_FRY,WHEN YOUR FRIEND SAYS HE'S OK BUT HE'S HAD THE SMITHS SONG &QUOT;HEAVEN KNOWS I'M MISERABLE NOW&QUOT; STUCK ON REPEAT FOR THE LAST WEEK,438,4,3
FUTURAMA_FRY,WHEN I TRY TO FIGURE OUT WHO FARTED,1350,17,2
FUTURAMA_FRY,I JUST FIGURED OUT THE PUNCHLINE TO A JOKE I HEARD WELL OVER A YEAR AGO NOT SURE IF I SHOULD REPEAT THE JOKE OR SAVE EVERYONE ELSE'S TIME,1271,17,3
FUTURAMA_FRY,WHEN YOU GET THE LOOK CAUSE YOUR LATE!!!!!!!,86,2,0
FUTURAMA_FRY,I HAVE A FRIEND THAT DRINKS BEER IN THE SHOWER BUT I CAN'T MAKE FUN OF HIM BECAUSE I SMOKE CIGARETTES IN THE SHOWER,1837,16,11
FUTURAMA_FRY,NOT SURE IF LITTLE CEASERS PIZZA CUTTERS ARE THAT DULL OR THEIR EMPLOYEES ARE THAT LAZY,4191,41,19
FUTURAMA_FRY,WHEN YOU SAY HI TO A FEMINIST BUT THEN THEY SAY YOU ARE TRYING TO SEXUALLY HARASS THEM &QUOT;I DON'T KNOW IF YOU WERE BORN STUPID OR YOU GOT THAT,60,2,0
FUTURAMA_FRY,WHEN A MEME GETS MANY UPVOTES BUT YOU CAN'T FIGURE OUT WHY,33,2,0
FUTURAMA_FRY,"WHEN SOMEONE SAYS THEY LIKE ""ALL TYPES OF MUSIC"" WHAT THEY REALLY MEAN IS ""ALL MUSIC ON THE RADIO""",56,1,0
FUTURAMA_FRY,"I'M ON THE TOILET AT 11:59 PM, DECEMBER 31ST. AND IT'S THE SAME SHIT EVERY YEAR",354,1,0
FUTURAMA_FRY,NOT SURE IF SOME IMGFLIP MODS ARE LAZY OR ILLITERATE WHEN POLITICAL MEMES END UP IN THE FUN STREAM,973,11,10
FUTURAMA_FRY,IF A FIRE HYDRANT SPRAYS WATER DOES A WATER HYDRANT SPRAY FIRE,471,5,0
FUTURAMA_FRY,NOT SURE IF COFFEE IS TOO STRONG OR I FORGOT MY ADHD MEDS THIS MORNING,2355,28,12
FUTURAMA_FRY,WHEN YOUR FRIEND SAYS METALLICA SUCKS BUT LISTENS TO FIVE FINGER DEATH PUNCH...,182,2,1
FUTURAMA_FRY,WHEN YOUR FRIEND SAYS HE'S OK BUT HE'S HAD THE SMITHS SONG &QUOT;HEAVEN KNOWS I'M MISERABLE NOW&QUOT; STUCK ON REPEAT FOR THE LAST WEEK,438,4,3
Y_U_NO,CALIFORNIA Y U NO STOP BURNING?,112,1,0
Y_U_NO,LADY BOYS WHY YOU KEEP FOOLING ME,148,2,1
Y_U_NO,Y U NO MAKE LIVE ACTION BEAST BOY BROWN,207,3,0
Y_U_NO,WOMAN BREASTFEEDING IN PUBLIC WHY YOU NO WINK BACK,889,29,9
Y_U_NO,WHY YOU NO SMILING IS IT BECAUSE I NO FALL FOR YOU,318,3,0
Y_U_NO,GRAVITY WHY YOU NOT WORK,876,6,1
Y_U_NO,IMGFLIP WHY YOU NO LET ME POST MEME REPLY WITH ONLY 894 POINTS?,181,5,3
Y_U_NO,WHY YOU NO MAKE Y U NO NOVEMBER LAST FOREVER BECAUSE IM ENJOYING IT,74,1,0
Y_U_NO,VARUS WHY U NO GIVE ME LEGIONS?,171,1,0
Y_U_NO,WHY YOU NO GROK THE GIST?,99,1,0
Y_U_NO,ROBLOX WHY YOU MAKE USERNAME CHANGE EXPENSIVE,107,1,0
Y_U_NO,PAPA JOHNS... WHY YOU PAN STYLE PIZZA SUCK SO BAD?!,292,2,0
Y_U_NO,WOMAN'S MAN WHY YOU NO HAVE NO TIME TO TALK ?,797,2,1
Y_U_NO,WHY YOU NO AT SCHOOL TODAY!!!,67,1,0
Y_U_NO,CALIFORNIA Y U NO STOP BURNING?,112,1,0
Y_U_NO,LADY BOYS WHY YOU KEEP FOOLING ME,148,2,1
Y_U_NO,Y U NO MAKE LIVE ACTION BEAST BOY BROWN,207,3,0
Y_U_NO,WOMAN BREASTFEEDING IN PUBLIC WHY YOU NO WINK BACK,889,29,9
Y_U_NO,WHY YOU NO SMILING IS IT BECAUSE I NO FALL FOR YOU,318,3,0
Y_U_NO,GRAVITY WHY YOU NOT WORK,876,6,1
Y_U_NO,IMGFLIP WHY YOU NO LET ME POST MEME REPLY WITH ONLY 894 POINTS?,181,5,3
Y_U_NO,WHY YOU NO MAKE Y U NO NOVEMBER LAST FOREVER BECAUSE IM ENJOYING IT,74,1,0
Y_U_NO,VARUS WHY U NO GIVE ME LEGIONS?,171,1,0
Y_U_NO,WHY YOU NO GROK THE GIST?,99,1,0
Y_U_NO,ROBLOX WHY YOU MAKE USERNAME CHANGE EXPENSIVE,107,1,0
Y_U_NO,PAPA JOHNS... WHY YOU PAN STYLE PIZZA SUCK SO BAD?!,292,2,0
Y_U_NO,WOMAN'S MAN WHY YOU NO HAVE NO TIME TO TALK ?,797,2,1
Y_U_NO,WHY YOU NO AT SCHOOL TODAY!!!,67,1,0
Y_U_NO,CALIFORNIA Y U NO STOP BURNING?,112,1,0
Y_U_NO,LADY BOYS WHY YOU KEEP FOOLING ME,148,2,1
Y_U_NO,Y U NO MAKE LIVE ACTION BEAST BOY BROWN,207,3,0
Y_U_NO,WOMAN BREASTFEEDING IN PUBLIC WHY YOU NO WINK BACK,889,29,9
Y_U_NO,WHY YOU NO SMILING IS IT BECAUSE I NO FALL FOR YOU,318,3,0
Y_U_NO,GRAVITY WHY YOU NOT WORK,876,6,1
Y_U_NO,IMGFLIP WHY YOU NO LET ME POST MEME REPLY WITH ONLY 894 POINTS?,181,5,3
Y_U_NO,WHY YOU NO MAKE Y U NO NOVEMBER LAST FOREVER BECAUSE IM ENJOYING IT,74,1,0
Y_U_NO,VARUS WHY U NO GIVE ME LEGIONS?,171,1,0
Y_U_NO,WHY YOU NO GROK THE GIST?,99,1,0
Y_U_NO,ROBLOX WHY YOU MAKE USERNAME CHANGE EXPENSIVE,107,1,0
Y_U_NO,PAPA JOHNS... WHY YOU PAN STYLE PIZZA SUCK SO BAD?!,292,2,0
Y_U_NO,WOMAN'S MAN WHY YOU NO HAVE NO TIME TO TALK ?,797,2,1
Y_U_NO,WHY YOU NO AT SCHOOL TODAY!!!,67,1,0
Y_U_NO,CALIFORNIA Y U NO STOP BURNING?,112,1,0
Y_U_NO,LADY BOYS WHY YOU KEEP FOOLING ME,148,2,1
Y_U_NO,Y U NO MAKE LIVE ACTION BEAST BOY BROWN,207,3,0
Y_U_NO,WOMAN BREASTFEEDING IN PUBLIC WHY YOU NO WINK BACK,889,29,9
Y_U_NO,WHY YOU NO SMILING IS IT BECAUSE I NO FALL FOR YOU,318,3,0
Y_U_NO,GRAVITY WHY YOU NOT WORK,876,6,1
Y_U_NO,IMGFLIP WHY YOU NO LET ME POST MEME REPLY WITH ONLY 894 POINTS?,181,5,3
Y_U_NO,WHY YOU NO MAKE Y U NO NOVEMBER LAST FOREVER BECAUSE IM ENJOYING IT,74,1,0
Y_U_NO,VARUS WHY U NO GIVE ME LEGIONS?,171,1,0
Y_U_NO,WHY YOU NO GROK THE GIST?,99,1,0
Y_U_NO,ROBLOX WHY YOU MAKE USERNAME CHANGE EXPENSIVE,107,1,0
Y_U_NO,PAPA JOHNS... WHY YOU PAN STYLE PIZZA SUCK SO BAD?!,292,2,0
Y_U_NO,WOMAN'S MAN WHY YOU NO HAVE NO TIME TO TALK ?,797,2,1
Y_U_NO,WHY YOU NO AT SCHOOL TODAY!!!,67,1,0
Y_U_NO,CALIFORNIA Y U NO STOP BURNING?,112,1,0
Y_U_NO,LADY BOYS WHY YOU KEEP FOOLING ME,148,2,1
Y_U_NO,Y U NO MAKE LIVE ACTION BEAST BOY BROWN,207,3,0
Y_U_NO,WOMAN BREASTFEEDING IN PUBLIC WHY YOU NO WINK BACK,889,29,9
Y_U_NO,WHY YOU NO SMILING IS IT BECAUSE I NO FALL FOR YOU,318,3,0
Y_U_NO,GRAVITY WHY YOU NOT WORK,876,6,1
Y_U_NO,IMGFLIP WHY YOU NO LET ME POST MEME REPLY WITH ONLY 894 POINTS?,181,5,3
Y_U_NO,WHY YOU NO MAKE Y U NO NOVEMBER LAST FOREVER BECAUSE IM ENJOYING IT,74,1,0
Y_U_NO,VARUS WHY U NO GIVE ME LEGIONS?,171,1,0
Y_U_NO,WHY YOU NO GROK THE GIST?,99,1,0
Y_U_NO,ROBLOX WHY YOU MAKE USERNAME CHANGE EXPENSIVE,107,1,0
Y_U_NO,PAPA JOHNS... WHY YOU PAN STYLE PIZZA SUCK SO BAD?!,292,2,0
Y_U_NO,WOMAN'S MAN WHY YOU NO HAVE NO TIME TO TALK ?,797,2,1
Y_U_NO,WHY YOU NO AT SCHOOL TODAY!!!,67,1,0
Y_U_NO,CALIFORNIA Y U NO STOP BURNING?,112,1,0
Y_U_NO,LADY BOYS WHY YOU KEEP FOOLING ME,148,2,1
Y_U_NO,Y U NO MAKE LIVE ACTION BEAST BOY BROWN,207,3,0
Y_U_NO,WOMAN BREASTFEEDING IN PUBLIC WHY YOU NO WINK BACK,889,29,9
Y_U_NO,WHY YOU NO SMILING IS IT BECAUSE I NO FALL FOR YOU,318,3,0
Y_U_NO,GRAVITY WHY YOU NOT WORK,876,6,1
Y_U_NO,IMGFLIP WHY YOU NO LET ME POST MEME REPLY WITH ONLY 894 POINTS?,181,5,3
Y_U_NO,WHY YOU NO MAKE Y U NO NOVEMBER LAST FOREVER BECAUSE IM ENJOYING IT,74,1,0
Y_U_NO,VARUS WHY U NO GIVE ME LEGIONS?,171,1,0
Y_U_NO,WHY YOU NO GROK THE GIST?,99,1,0
Y_U_NO,ROBLOX WHY YOU MAKE USERNAME CHANGE EXPENSIVE,107,1,0
Y_U_NO,PAPA JOHNS... WHY YOU PAN STYLE PIZZA SUCK SO BAD?!,292,2,0
Y_U_NO,WOMAN'S MAN WHY YOU NO HAVE NO TIME TO TALK ?,797,2,1
Y_U_NO,WHY YOU NO AT SCHOOL TODAY!!!,67,1,0
KERMIT_THE_FROG,MY INSIDES ARE ALL WET NOW FROM THIS TEA BUT THAT'S NONE OF MY BUSINESS,107,3,0
KERMIT_THE_FROG,PUPPETS CAN'T DRINK TEA BUT THATS NONE OF MY BUSINESS,5607,73,5
KERMIT_THE_FROG,SOMEONE ONCE TOLD ME THAT I SHOULD TAKE NOTES FROM CLASS BUT THATS NONE OF MY BUSINESS,144,1,0
KERMIT_THE_FROG,"IMAGE TAGGED IN MEMES,BUT THATS NONE OF MY BUSINESS,KERMIT THE FROG",271,1,0
KERMIT_THE_FROG,IF THE GOVERNMENT IS WATCHING ME? AT LEAST I WOULD HAVE A SUBSCRIBER.,668,7,0
KERMIT_THE_FROG,IS THAT ICE T NO IT KERMITADE,553,3,2
KERMIT_THE_FROG,ME KNOWING I'M A DISAPPOINTMENT BUT NOT CARING,495,2,1
KERMIT_THE_FROG,NOBODY HAS EVER WON ANY GRAND PRIZE FROM PUBLISHERS CLEARINGHOUSE AND I FEEL BAD FOR ANYONE WHO GETS DUPED INTO THINKING THEY MIGHT WIN!,1976,18,17
KERMIT_THE_FROG,WHAT IS THIS STUFF IIITTTSS REEAALY GGOOOD,428,4,0
KERMIT_THE_FROG,WHEN YO SISTER BOUT TO GET BEAT AND RUN PAST YOU,317,1,1
KERMIT_THE_FROG,THAT MOMENT WHEN YOU'RE A FROG WHO DRINK A CUP OF ICE TEA,356,4,0
KERMIT_THE_FROG,YOUR SHIRT SAYS TAPOUT AND UFC BUT YOUR BODY SAYS COOKOUT AND KFC,13567,157,20
KERMIT_THE_FROG,I WONT,261,1,1
KERMIT_THE_FROG,IT'S THE FIRST WORKING DAY OF THE NEW YEAR AND THE TELEMARKETERS HAVE STARTED CALLING DAMMIT!,1641,16,9
KERMIT_THE_FROG,MY INSIDES ARE ALL WET NOW FROM THIS TEA BUT THAT'S NONE OF MY BUSINESS,107,3,0
KERMIT_THE_FROG,PUPPETS CAN'T DRINK TEA BUT THATS NONE OF MY BUSINESS,5607,73,5
KERMIT_THE_FROG,SOMEONE ONCE TOLD ME THAT I SHOULD TAKE NOTES FROM CLASS BUT THATS NONE OF MY BUSINESS,144,1,0
KERMIT_THE_FROG,"IMAGE TAGGED IN MEMES,BUT THATS NONE OF MY BUSINESS,KERMIT THE FROG",271,1,0
KERMIT_THE_FROG,IF THE GOVERNMENT IS WATCHING ME? AT LEAST I WOULD HAVE A SUBSCRIBER.,668,7,0
KERMIT_THE_FROG,IS THAT ICE T NO IT KERMITADE,553,3,2
KERMIT_THE_FROG,ME KNOWING I'M A DISAPPOINTMENT BUT NOT CARING,495,2,1
KERMIT_THE_FROG,NOBODY HAS EVER WON ANY GRAND PRIZE FROM PUBLISHERS CLEARINGHOUSE AND I FEEL BAD FOR ANYONE WHO GETS DUPED INTO THINKING THEY MIGHT WIN!,1976,18,17
KERMIT_THE_FROG,WHAT IS THIS STUFF IIITTTSS REEAALY GGOOOD,428,4,0
KERMIT_THE_FROG,WHEN YO SISTER BOUT TO GET BEAT AND RUN PAST YOU,317,1,1
KERMIT_THE_FROG,THAT MOMENT WHEN YOU'RE A FROG WHO DRINK A CUP OF ICE TEA,356,4,0
KERMIT_THE_FROG,YOUR SHIRT SAYS TAPOUT AND UFC BUT YOUR BODY SAYS COOKOUT AND KFC,13567,157,20
KERMIT_THE_FROG,I WONT,261,1,1
KERMIT_THE_FROG,IT'S THE FIRST WORKING DAY OF THE NEW YEAR AND THE TELEMARKETERS HAVE STARTED CALLING DAMMIT!,1641,16,9
KERMIT_THE_FROG,APPARENTLY THE ONLY SHOWERS DONALD TRUMP CAN HANDLE ARE THE GOLDEN ONES,2099,15,2
KERMIT_THE_FROG,I SEE A LOT OF SINGLE WOMEN CONSTANTLY BASHING MEN ON SOCIAL MEDIA AND THEN COMPLAIN THERE AREN'T ANY GOOD MEN LEFT IN THE WORLD. THE LACK O,2358,7,1
KERMIT_THE_FROG,"THIS IS THE NEUTRAL VERSION, BUT THAT'S NONE OF MY BUSINESS",1952,3,0
KERMIT_THE_FROG,ASSUMING YOUR TEENAGER WON'T GET IN INTO YOU ALCOHOL CLOSET MIGHT BE NAIVE BUT THAT'S NONE OF MY BUSINESS...,1452,3,0
KERMIT_THE_FROG,"DID YOU KNOW, AFTER 3 YRS OF NOT OWNING A HOME YOU ARE A 1ST TIME HOME BUYER",1920,2,1
KERMIT_THE_FROG,I WAS KIDNAPPED BY A PACK OF MIMES THEY PERFORMED UNSPEAKABLE ACTS ON ME,17820,162,28
KERMIT_THE_FROG,YOU HAVE INSURANCE ON YOUR IPHONE BUT NOT ON YOUR FAMILY? BUT THAT'S NONE OF MY BUSINESS,1377,2,0
KERMIT_THE_FROG,"YOU SHOULD PUT YOUR SIGNIFICANT OTHER FIRST, AND THEN WORRY ABOUT YOUR SOCIAL MEDIA! BUT THAT'S NONE OF MY BUSINESS!",982,2,0
KERMIT_THE_FROG,SOME OF YOU DON'T NEED THAT FACE SWAP FEATURE ON SNAPCHAT -- BECAUSE ALL OF YOU ARE ALREADY TWO FACED? BUT THAT'S NONE OF MY BUSINESS...,1204,4,0
KERMIT_THE_FROG,GOOD MEMES ARE MEANT TO BE REPOSTED BUT THAT'S NONE OF MY BUSINESS,2734,8,4
KERMIT_THE_FROG,"KIDS WHO DON'T LISTEN TO ADULTS AND THINK THE RULES DON'T APPLY TO THEM WANT ADULTS TO LISTEN TO THEM AND THEY WANT TO MAKE THE RULES, BUT T",2714,7,1
KERMIT_THE_FROG,I ALMOST HAVE 20K POINTS AFTER IT TOOK ME 2 YEARS TO GET 10K POINTS BUT THAT'S NONE OF MY BUSINESS,2535,7,0
KERMIT_THE_FROG,YOU ALL THINK THIS IS &QUOT;TEA&QUOT;.....IT'S WHISKEY. BUT THAT'S NONE OF YOUR BUSINESS!,1719,6,1
KERMIT_THE_FROG,APPARENTLY THE ONLY SHOWERS DONALD TRUMP CAN HANDLE ARE THE GOLDEN ONES,2099,15,2
KERMIT_THE_FROG,I SEE A LOT OF SINGLE WOMEN CONSTANTLY BASHING MEN ON SOCIAL MEDIA AND THEN COMPLAIN THERE AREN'T ANY GOOD MEN LEFT IN THE WORLD. THE LACK O,2358,7,1
KERMIT_THE_FROG,"THIS IS THE NEUTRAL VERSION, BUT THAT'S NONE OF MY BUSINESS",1952,3,0
KERMIT_THE_FROG,ASSUMING YOUR TEENAGER WON'T GET IN INTO YOU ALCOHOL CLOSET MIGHT BE NAIVE BUT THAT'S NONE OF MY BUSINESS...,1452,3,0
KERMIT_THE_FROG,"DID YOU KNOW, AFTER 3 YRS OF NOT OWNING A HOME YOU ARE A 1ST TIME HOME BUYER",1920,2,1
KERMIT_THE_FROG,I WAS KIDNAPPED BY A PACK OF MIMES THEY PERFORMED UNSPEAKABLE ACTS ON ME,17820,162,28
KERMIT_THE_FROG,YOU HAVE INSURANCE ON YOUR IPHONE BUT NOT ON YOUR FAMILY? BUT THAT'S NONE OF MY BUSINESS,1377,2,0
KERMIT_THE_FROG,"YOU SHOULD PUT YOUR SIGNIFICANT OTHER FIRST, AND THEN WORRY ABOUT YOUR SOCIAL MEDIA! BUT THAT'S NONE OF MY BUSINESS!",982,2,0
KERMIT_THE_FROG,SOME OF YOU DON'T NEED THAT FACE SWAP FEATURE ON SNAPCHAT -- BECAUSE ALL OF YOU ARE ALREADY TWO FACED? BUT THAT'S NONE OF MY BUSINESS...,1204,4,0
KERMIT_THE_FROG,GOOD MEMES ARE MEANT TO BE REPOSTED BUT THAT'S NONE OF MY BUSINESS,2734,8,4
KERMIT_THE_FROG,"KIDS WHO DON'T LISTEN TO ADULTS AND THINK THE RULES DON'T APPLY TO THEM WANT ADULTS TO LISTEN TO THEM AND THEY WANT TO MAKE THE RULES, BUT T",2714,7,1
KERMIT_THE_FROG,I ALMOST HAVE 20K POINTS AFTER IT TOOK ME 2 YEARS TO GET 10K POINTS BUT THAT'S NONE OF MY BUSINESS,2535,7,0
KERMIT_THE_FROG,YOU ALL THINK THIS IS &QUOT;TEA&QUOT;.....IT'S WHISKEY. BUT THAT'S NONE OF YOUR BUSINESS!,1719,6,1
WHAT_IF_I_TELL_YOU,WHAT IF I TOLD YOU MARS BARS ARE MADE RIGHT HERE ON EARTH,3797,61,51
WHAT_IF_I_TELL_YOU,WHAT IF I TOLD YOU OOF,77,2,0
WHAT_IF_I_TELL_YOU,WHAT IF I TOLD YOU IT'S RACIST TO ASSUME WHITE PEOPLE ARE RACIST,11298,173,85
WHAT_IF_I_TELL_YOU,DO YOU EVEN ENGLISH BRUH,236,2,11
WHAT_IF_I_TELL_YOU,WHAT IF I TOLD YOU ALOT OF PEOPLE SUCK AT FORTNITE,134,1,0
WHAT_IF_I_TELL_YOU,WHAT IF I TOLD YOU COKE IS FLAVORED BY A BIG NUT,129,1,0
WHAT_IF_I_TELL_YOU,WHAT IF I ALREADY TOLD YOU BUT YOU WEREN'T PAYING ATTENTION BECAUSE YOU WERE LOOKING AT YOUR PHONE,285,3,2
WHAT_IF_I_TELL_YOU,WHAT IF I TOLD YOU NOTHING REALLY MATTERS?,486,5,0
WHAT_IF_I_TELL_YOU,WHAT IF I TOLD YOU.... IM NOT UPSIDE-DOWN BUT THE EARTH IS.,240,3,0
WHAT_IF_I_TELL_YOU,WHAT IF I TOLD YOU HUMANITY IS ONE BIG EPIC FAIL YOUTUBE VIDEO.,563,6,5
WHAT_IF_I_TELL_YOU,"WHAT IF I TOLD YOU ""DIET"" WAS JUST ""DIE"" WITH A ""T"" AT THE END",310,3,0
WHAT_IF_I_TELL_YOU,WHAT IF I TOLD YOU... THE OCTOPUSES HAVE EVOLVED,118,1,0
WHAT_IF_I_TELL_YOU,WHAT IF I TOLD YOU IT'S COMMON COURTESY TO UPVOTE OTHER PEOPLE'S COMMENTS WHEN YOU TALK TO THEM,4369,48,23
WHAT_IF_I_TELL_YOU,WHAT IF I TOLD YOU THAT I HEARD IT'S YOUR BIRTHDAY AND THAT I HOPE IT'S A GOOD ONE,335,3,0
WHAT_IF_I_TELL_YOU,WHAT IF I TOLD YOU MARS BARS ARE MADE RIGHT HERE ON EARTH,3797,61,51
WHAT_IF_I_TELL_YOU,WHAT IF I TOLD YOU OOF,77,2,0
WHAT_IF_I_TELL_YOU,WHAT IF I TOLD YOU IT'S RACIST TO ASSUME WHITE PEOPLE ARE RACIST,11298,173,85
WHAT_IF_I_TELL_YOU,DO YOU EVEN ENGLISH BRUH,236,2,11
WHAT_IF_I_TELL_YOU,WHAT IF I TOLD YOU ALOT OF PEOPLE SUCK AT FORTNITE,134,1,0
WHAT_IF_I_TELL_YOU,WHAT IF I TOLD YOU COKE IS FLAVORED BY A BIG NUT,129,1,0
WHAT_IF_I_TELL_YOU,WHAT IF I ALREADY TOLD YOU BUT YOU WEREN'T PAYING ATTENTION BECAUSE YOU WERE LOOKING AT YOUR PHONE,285,3,2
WHAT_IF_I_TELL_YOU,WHAT IF I TOLD YOU NOTHING REALLY MATTERS?,486,5,0
WHAT_IF_I_TELL_YOU,WHAT IF I TOLD YOU.... IM NOT UPSIDE-DOWN BUT THE EARTH IS.,240,3,0
WHAT_IF_I_TELL_YOU,WHAT IF I TOLD YOU HUMANITY IS ONE BIG EPIC FAIL YOUTUBE VIDEO.,563,6,5
WHAT_IF_I_TELL_YOU,"WHAT IF I TOLD YOU ""DIET"" WAS JUST ""DIE"" WITH A ""T"" AT THE END",310,3,0
WHAT_IF_I_TELL_YOU,WHAT IF I TOLD YOU... THE OCTOPUSES HAVE EVOLVED,118,1,0
WHAT_IF_I_TELL_YOU,WHAT IF I TOLD YOU IT'S COMMON COURTESY TO UPVOTE OTHER PEOPLE'S COMMENTS WHEN YOU TALK TO THEM,4369,48,23
WHAT_IF_I_TELL_YOU,WHAT IF I TOLD YOU THAT I HEARD IT'S YOUR BIRTHDAY AND THAT I HOPE IT'S A GOOD ONE,335,3,0
